institution,nom,exercice,revenu_brut,resultat_net,actif_moyen,capitaux_propres_moyens,marge,productivite,levier,rendement_des_capitaux_propres,rendement_de_l_actif,coefficient_exploitation,taux_de_provisionnement,taux_d_imposition,part_interet,ecart_a_l_identite,ecart_a_la_cascade
27997,Banque Royale du Canada,1997,9278901.0,1678923.0,241832819.58333334,9801517.833333334,0.18093985483841243,0.03836907255180299,24.6729969475646,0.17129214357905484,0.006942494417807748,0.652365619592234,0.04095312580660145,0.11747522686145698,0.5388578884503671,0.0,0.0
27997,Banque Royale du Canada,1998,10049082.0,1824843.0,262047205.16666666,11135790.75,0.18159300521181934,0.038348365492425714,23.531979995822628,0.16387188309909648,0.006963794934730815,0.6366859181764065,0.05721915693393685,0.116926103299784,0.5039280204898318,2.7755575615628914e-17,0.0
27997,Banque Royale du Canada,1999,10599594.0,1756771.0,273041096.4166667,12496395.5,0.16573946134163253,0.03882050775178835,21.84958826060416,0.14058221828846565,0.006434090043790071,0.666051077050687,0.07170085948575011,0.09575838470794258,0.4830658608244806,0.0,0.0
27997,Banque Royale du Canada,2000,12011410.0,2274319.0,279992348.25,12836275.833333334,0.18934654632553546,0.04289906518900736,21.812584263958698,0.1771790377154433,0.008122789834132548,0.6311718607557314,0.05755494150978112,0.12030227924948028,0.4394974445131754,0.0,0.0
27997,Banque Royale du Canada,2001,14731884.0,2410709.0,323113776.9166667,15843812.5,0.1636388801323714,0.045593487658062495,20.39368850878958,0.15215460294042232,0.0074608672616944425,0.6622336966541414,0.07593122508974412,0.09095917399295297,0.44240003518898197,2.7755575615628914e-17,0.0
27997,Banque Royale du Canada,2002,15718706.0,2761670.0,365069641.1666667,18321410.25,0.1756932154593387,0.043056732818886674,19.925848293619573,0.15073457568584275,0.007564775836123837,0.6628511914403132,0.0677380186384299,0.08683920928351227,0.45537616137104414,-2.7755575615628914e-17,0.0
27997,Banque Royale du Canada,2003,15722406.0,3005367.0,396309081.0833333,18519835.166666668,0.1911518504228933,0.03967208108636298,21.399168918989027,0.1622782801765577,0.00758339170978535,0.6620783104061808,0.04584342879836585,0.09286110535499464,0.44029037286023526,0.0,0.0
27997,Banque Royale du Canada,2004,15994367.0,2817060.0,425454411.3333333,18501459.583333332,0.17612825815488664,0.03759360950066351,22.995721468191373,0.15226150062980393,0.006621296959106862,0.7144960472646401,0.021663251818593382,0.0770236796492165,0.4423668032626737,0.0,0.0
27997,Banque Royale du Canada,2005,16589254.0,3387260.0,449814672.25,20597464.833333332,0.20418398560899725,0.03688019760898317,21.83835126748487,0.164450335388767,0.007530345737849595,0.6891333389675027,0.02742329462192815,0.07702998579682968,0.4302330291645423,0.0,0.0
27997,Banque Royale du Canada,2006,18127621.0,4728377.0,507955364.75,22714884.75,0.26083825340346645,0.035687428971090514,22.362225049369886,0.2081620510973537,0.009308646641279518,0.6340911474263501,0.023698697142884882,0.07739587009238554,0.37302517522845385,0.0,0.0
27997,Banque Royale du Canada,2007,20288320.0,5492293.0,588857364.6666666,24130413.916666668,0.2707120648727938,0.034453708516466584,24.40311909693136,0.22760873555536157,0.00932703457501803,0.6147762850743679,0.03898568240248577,0.06859089367675589,0.371247742543493,0.0,0.0
27997,Banque Royale du Canada,2008,19951088.0,4555008.0,655520862.75,27008785.416666668,0.22830875188360655,0.030435473733516957,24.270653146271773,0.16864912396946147,0.006948685021085548,0.6190757616827713,0.07994897320887964,0.06861540583651378,0.4691273478418821,0.0,0.0
27997,Banque Royale du Canada,2009,24496672.0,3858393.0,698737580.75,34571945.166666664,0.15750682378406342,0.03505847212870123,20.21111561358439,0.11160474139939798,0.0055219485917138425,0.635045650282618,0.13933455940464076,0.06402792183362703,0.4697095180929067,1.3877787807814457e-17,0.0
27997,Banque Royale du Canada,2010,23221459.0,5222760.0,688666211.75,37982961.583333336,0.22491093259902403,0.033719469031290104,18.130924578882286,0.13750270601046843,0.007583877226571368,0.6198098060935793,0.08013923672926838,0.07088624362491608,0.47271435442536147,0.0,0.0
27997,Banque Royale du Canada,2011,24068118.0,4851702.0,741726526.0833334,40250216.166666664,0.20158210957749167,0.03244877613733331,18.427889256843205,0.12053853275992965,0.006541092746971421,0.600460077518317,0.04050678162704703,0.07843563007294546,0.4404215983983459,0.0,0.0
27997,Banque Royale du Canada,2012,26151170.0,7441262.0,817865074.75,41747400.583333336,0.2845479571277308,0.03197491958926566,19.59080238103527,0.17824491815116145,0.009098398048449006,0.5797225516105016,0.04973567148238492,0.08030875865209855,0.47792064370351306,-2.7755575615628914e-17,0.0
27997,Banque Royale du Canada,2013,28082691.0,8331377.0,860843652.0833334,46130526.166666664,0.29667302894868586,0.03262228969457682,18.661041258735263,0.1806044216772916,0.009678153494931606,0.5778356141154706,0.04412707457415673,0.07787031520590387,0.47183715406760696,-2.7755575615628914e-17,0.0
27997,Banque Royale du Canada,2014,30534775.0,8910419.0,912447651.75,50031960.083333336,0.29181217153229394,0.03346468692361342,18.237295725176974,0.17809454167213892,0.009765402960827993,0.5783901797213178,0.03813013195610578,0.08859744340673871,0.4622867533820046,2.7755575615628914e-17,-1.0
27997,Banque Royale du Canada,2015,32357494.0,9925242.0,1058499293.5,57006337.416666664,0.3067370421207526,0.030569216435665007,18.56809859162311,0.17410769485952285,0.009376711029424981,0.5759912989553517,0.033899164131808227,0.08026984413564289,0.45647657386570173,-2.7755575615628914e-17,0.0
27997,Banque Royale du Canada,2016,34980902.0,10405229.0,1183724787.1666667,68515655.66666667,0.2974545653511165,0.029551549802154086,17.276705238370166,0.1518664442273186,0.008790243401851616,0.5756291818890205,0.04420400594587298,0.08120130807375979,0.4725834971322352,0.0,0.0
27997,Banque Royale du Canada,2017,37615594.0,11428091.0,1199393709.0833333,72078562.41666667,0.30381258900231645,0.03136217383426887,16.640089214737145,0.1585504845939809,0.00952822322932993,0.5793783025199603,0.030561155035860925,0.0851633500723131,0.4556603838291109,0.0,2.0
27997,Banque Royale du Canada,2018,39900299.0,12400047.0,1298131750.9166667,75434323.83333333,0.3107757914295329,0.030736709869259943,17.208767639845156,0.16438202624308007,0.009552225335559193,0.5722577918526375,0.032764340938898726,0.08341661800579489,0.45592422753523726,0.0,2.0
27997,Banque Royale du Canada,2019,41917738.0,12860232.0,1430697668.75,81348617.75,0.30679689824866024,0.029298809186306642,17.587240057929563,0.15808789818066699,0.008988783780738233,0.5758640411369526,0.04446163101644464,0.07261901870754572,0.4711558386094212,-2.7755575615628914e-17,0.0
27997,Banque Royale du Canada,2020,43498241.0,11431287.0,1628801887.6666667,85011133.0,0.2627988336355946,0.02670566710989832,19.159865657438854,0.13446811725236035,0.007018218167941739,0.5691789927781218,0.10003266568871141,0.06786596267191586,0.47899610469306103,0.0,0.0
27997,Banque Royale du Canada,2021,45802425.0,16038295.0,1683121283.8333333,92518258.58333333,0.35016257326986505,0.027212789381216965,18.192314788516118,0.17335275485707438,0.009528900355577793,0.5659972588787603,-0.016430330926801365,0.10000695378028565,0.43670792539914643,-2.7755575615628914e-17,0.0
27997,Banque Royale du Canada,2022,47202507.0,15793952.0,1861546908.0833333,103043246.58333333,0.3345998550458347,0.025356603583307047,18.065685717480374,0.15327498427785935,0.008484315883429232,0.5637195498959409,0.01025454008194946,0.09115104839664555,0.48126945884463296,0.0,2.0
27997,Banque Royale du Canada,2023,52106627.0,14858735.0,1991797552.3333333,111002929.0,0.28516017741850763,0.0261606039925888,17.943648607086153,0.13385894528963285,0.007459962475901942,0.5982480692906873,0.04735700892709866,0.06910236197019623,0.48226625761057224,0.0,6.0
27997,Banque Royale du Canada,2024,57344298.0,16229788.0,2097310442.6666667,120689692.58333333,0.2830235710619389,0.02734182638555333,17.3777097097047,0.13447534460155927,0.007738381342994848,0.5972771346856491,0.0563583148232105,0.0631639783958991,0.48745519563252826,0.0,2.0
27997,Banque Royale du Canada,2025,66605152.0,20362395.0,2353050383.6666665,133483627.5,0.30571801712876506,0.028305875837733568,17.628007477296542,0.15254601168221923,0.008653616234204927,0.5493871104745771,0.06548500932780696,0.07930400038723731,0.4954498564915819,-2.7755575615628914e-17,1.0
27999,Banque Toronto-Dominion,1997,5472241.0,1088473.0,151816572.41666666,6890226.916666667,0.19890808902604984,0.036045083306065005,22.033609959846142,0.1579734620012454,0.007169658639194161,0.6181686808018872,0.06578657628565701,0.11713665388640596,0.5156256824215162,0.0,0.0
27999,Banque Toronto-Dominion,1998,6138339.0,1120860.0,193487556.08333334,8054423.0,0.1825998857345611,0.03172472237623526,24.02252229406543,0.13916080642896456,0.005792930680861232,0.6445522151839447,0.07330957120484874,0.09953832787664546,0.4790994762589684,2.7755575615628914e-17,0.0
27999,Banque Toronto-Dominion,1999,8912338.0,2981417.0,213828287.75,9392601.333333334,0.3345269221162842,0.04167988292746361,22.765608819267815,0.317421861547479,0.01394304294989146,0.5117250939091403,0.030856100834595817,0.12230236330803432,0.33448484561514613,0.0,0.0
27999,Banque Toronto-Dominion,2000,10005252.0,1024306.0,262799017.66666666,12030938.583333334,0.10237683168799747,0.03807187747060237,21.8436006340126,0.08513932582275739,0.003897678191853921,0.8123363609432326,0.04797480363313188,0.029584462240431326,0.36032485738490144,0.0,0.0
27999,Banque Toronto-Dominion,2001,10837914.0,1382872.0,291903367.8333333,13004834.75,0.12759577165864205,0.037128430824368126,22.445757554384404,0.10633522275244597,0.004737430781509763,0.7984870520286469,0.08488718400976424,-0.0151737686791019,0.4051345120472445,-1.3877787807814457e-17,0.0
27999,Banque Toronto-Dominion,2002,10229052.0,-76127.0,305674222.5,13716948.25,-0.007442234138608348,0.033463901261742805,22.28441902155605,-0.0055498496176071815,-0.00024904618838116126,0.7578328861755713,0.2859502522814431,-0.03969087262436441,0.518151926493286,0.0,0.0
27999,Banque Toronto-Dominion,2003,10039824.0,1075466.0,306888857.9166667,13004393.083333334,0.1071200052909294,0.032714853410306076,23.59886047354113,0.08270020700761012,0.003504415270403967,0.8330830301407675,0.018516260842819557,0.032086618251475324,0.5593511400199844,0.0,0.0
27999,Banque Toronto-Dominion,2004,10825481.0,2309176.0,309528385.1666667,13552617.583333334,0.2133093208514245,0.03497411390613168,22.83901122889477,0.17038597789697588,0.007460304484697311,0.7396732764114592,-0.03562890184740983,0.07413194850187257,0.5489552842963744,0.0,0.0
27999,Banque Toronto-Dominion,2005,11897882.0,2228573.0,351805385.9166667,15029640.916666666,0.18730837976036407,0.03381949929219757,23.407437866765182,0.14827852590468021,0.006334675616728305,0.7381369221849737,0.004655702586393108,0.058765921531243964,0.5050075299116263,2.7755575615628914e-17,0.0
27999,Banque Toronto-Dominion,2006,14663162.0,4602787.0,385089739.25,19388993.25,0.3139013945286835,0.038077259676037964,19.86125500611023,0.23739174802178034,0.011952504912139126,0.5951761973304257,0.027907895991328473,0.05960276507890999,0.434522035560952,-5.551115123125783e-17,0.0
27999,Banque Toronto-Dominion,2007,14281194.0,3997448.0,409560588.9166667,21171629.5,0.27990992909976575,0.034869551383777786,19.3447834951328,0.18881154140733475,0.00976033365557388,0.6284154532177072,0.045160229599849985,0.059753617239566945,0.4848322206112458,0.0,0.0
27999,Banque Toronto-Dominion,2008,14669448.0,3833736.0,488937572.6666667,28068816.083333332,0.2613415310514752,0.03000270140826526,17.419244588552043,0.13658345933145327,0.007840951921716294,0.6477391651001455,0.0724434211839464,0.036631303372833116,0.5816426766705878,2.7755575615628914e-17,0.0
27999,Banque Toronto-Dominion,2009,17860692.0,3119983.0,575520031.6666666,37569067.0,0.17468432914021473,0.031034005798680295,15.318986539289535,0.08304659255977796,0.0054211544834760015,0.6836602971486211,0.1388454601870969,0.013521032667715226,0.634145362340944,1.3877787807814457e-17,0.0
27999,Banque Toronto-Dominion,2010,19565295.0,4644018.0,589219458.0833334,39833971.583333336,0.2373599784720854,0.03320544617389889,14.791883276079474,0.11658435790879242,0.007881643988992632,0.6216785384529085,0.08306928160296076,0.06447497980480232,0.5899650375831287,-1.3877787807814457e-17,0.0
27999,Banque Toronto-Dominion,2011,21594156.0,5888571.0,644923301.25,42572620.0,0.2726928063314908,0.03348329321974548,15.148781100387996,0.13831826652905083,0.009130653193312575,0.6058780903500003,0.06783386208750182,0.060172576321112066,0.5941868253614543,0.0,0.0
27999,Banque Toronto-Dominion,2012,23356549.0,6366711.0,789124469.3333334,44372076.75,0.27258782964897765,0.02959805443586363,17.78425818965828,0.14348462966633627,0.008068069420504363,0.5993307059189267,0.0768395193998908,0.046769238041116434,0.6433524490283218,0.0,0.0
27999,Banque Toronto-Dominion,2013,24477394.0,6556703.0,840103526.8333334,48979756.666666664,0.267867690490254,0.02913616383955025,17.152055951414486,0.13386556908850847,0.007804636917445976,0.6145114957907692,0.06662171634774519,0.04671167200233816,0.6568586100301363,0.0,0.0
27999,Banque Toronto-Dominion,2014,27447896.0,7776362.0,912465047.75,52374178.416666664,0.2833135916865905,0.030081038246541427,17.42204031327836,0.14847702121710768,0.00852236698728935,0.6009827492788519,0.05671356376459602,0.055084477148995316,0.6406250592030807,0.0,0.0
27999,Banque Toronto-Dominion,2015,29303489.0,7912104.0,1065301761.0,60896253.916666664,0.2700055273281622,0.02750721914933547,17.493715827870293,0.1299275980231444,0.007427101211747645,0.6167607550077058,0.057423230387343975,0.05198452648420125,0.6389614902170865,0.0,0.0
27999,Banque Toronto-Dominion,2016,32285486.0,8820835.0,1157678220.5,68485517.0,0.2732136353778289,0.027888134568218734,16.90398599896676,0.1287985458297701,0.007619418629289139,0.5846949616926937,0.07215585975691988,0.06638094281746293,0.6170975713359248,2.7755575615628914e-17,0.0
27999,Banque Toronto-Dominion,2017,34352661.0,10396394.0,1224431785.25,72848410.5,0.3026372251046287,0.028056002313747514,16.807940994814157,0.14271270887921433,0.00849079068776159,0.5637555122731249,0.06451366314824927,0.0655790827965263,0.6068560161904197,0.0,0.0
27999,Banque Toronto-Dominion,2018,37132500.0,11261504.0,1297872550.0833333,75132596.16666667,0.3032789066181916,0.02861028226355185,17.274427030369907,0.14988839165118958,0.008676895122927845,0.5422902578603649,0.06677920958728877,0.08570104356022352,0.5989149128122265,0.0,0.0
27999,Banque Toronto-Dominion,2019,39470906.0,11668231.0,1380730133.8333333,83783779.33333333,0.2956159911809473,0.028586980926110866,16.479683117899295,0.13926599030079562,0.008450768701343099,0.5578802776911176,0.07675070848386403,0.06928759121972017,0.6063045525228127,-2.7755575615628914e-17,-1.0
27999,Banque Toronto-Dominion,2020,41893658.0,11894941.0,1612724783.0833333,91187652.25,0.2839317827056305,0.0259769419056762,17.68578029251031,0.1304446458100362,0.007375679424519243,0.5156927809932472,0.17287404217602578,0.027501394125096452,0.6113444187662008,0.0,0.0
27999,Banque Toronto-Dominion,2021,40770569.0,14298323.0,1717770171.8333333,96697796.66666667,0.3507020713888001,0.02373458898549076,17.764315538178927,0.14786606823409523,0.008323769520773409,0.5660016174903029,-0.005501713748463997,0.08879802486936103,0.5918821736336326,0.0,0.0
27999,Banque Toronto-Dominion,2022,47123077.0,17428848.0,1827120045.0,101980669.83333333,0.3698580209437512,0.025790903629432843,17.916336968428,0.17090344698151042,0.00953897257473304,0.522897220824523,0.022649836724371798,0.08459492150735402,0.580468291576121,-2.7755575615628914e-17,0.0
27999,Banque Toronto-Dominion,2023,47650624.0,10781894.0,1929333947.8333333,112951092.91666667,0.226269733634548,0.024697965872373863,17.081144573401886,0.09545630521658335,0.005588402159257191,0.6456948391693674,0.06154951926757559,0.06648590792850897,0.628408077090449,0.0,0.0
27999,Banque Toronto-Dominion,2024,51280404.0,8842486.0,1972873285.4166667,112158408.16666667,0.17243401592545957,0.025992750968377415,17.590061393212622,0.07883926086807619,0.004482034434427695,0.6921370588266036,0.08294273578655893,0.052486189461377876,0.5942318044140213,-1.3877787807814457e-17,0.0
27999,Banque Toronto-Dominion,2025,61993518.0,20538317.0,2076532162.8333333,122572359.16666667,0.3312978140714647,0.029854350011806547,16.941275969158653,0.16756075464023015,0.009890680899435915,0.5410165140168364,0.07267985662630083,0.055005815285398066,0.5333210320472537,0.0,0.0
28000,Banque de Nouvelle-Écosse,1997,6400353.0,1514101.0,179207604.41666666,8292225.75,0.2365652331988564,0.035714740012476584,21.611520214179727,0.18259283401685006,0.00844886579968805,0.6341859581807441,0.005468448380893992,0.11841362499849618,0.580826088811039,0.0,0.0
28000,Banque de Nouvelle-Écosse,1998,7235381.0,1393585.0,216324716.33333334,9980174.0,0.19260699609322576,0.03344685305793282,21.675445371326525,0.13963534102712036,0.006442097896259963,0.6145332222311445,0.08223478487172962,0.1054050920055212,0.6049439552664884,-2.7755575615628914e-17,0.0
28000,Banque de Nouvelle-Écosse,1999,7855257.0,1551001.0,227414170.33333334,11176612.75,0.19744751826706625,0.03454163383260648,20.34732484878599,0.13877200854078084,0.0068201598771378815,0.6055226455353402,0.08083758430819005,0.11031847844061626,0.5947522786332771,0.0,0.0
28000,Banque de Nouvelle-Écosse,2000,8863896.0,1925844.0,239047009.83333334,12024572.833333334,0.21726834340114098,0.03708013752684053,19.879875414008122,0.1601590365573208,0.008056340053543122,0.5775313699528966,0.08630516423026624,0.1116724519331003,0.5865071070328443,-2.7755575615628914e-17,0.0
28000,Banque de Nouvelle-Écosse,2001,10270536.0,2169387.0,272118810.3333333,13634357.5,0.21122432169070826,0.03774283735629689,19.95831562531152,0.15911178799587733,0.007972205219266535,0.5512444530645723,0.13874641011919922,0.08529272474192194,0.6036613863190782,2.7755575615628914e-17,0.0
28000,Banque de Nouvelle-Écosse,2002,10617146.0,1797155.0,297471170.8333333,14698516.583333334,0.16926912373626585,0.03569134437551449,20.23817635928215,0.12226778054853482,0.006041442587412638,0.5626648630432322,0.19110597141642396,0.05664111617189779,0.6286599995893435,1.3877787807814457e-17,0.0
28000,Banque de Nouvelle-Écosse,2003,10165166.0,2476740.0,289490138.0,14651178.333333334,0.2436497347903615,0.03511403210564638,19.758829727802325,0.1690471540002414,0.00855552460996098,0.5637567551774364,0.08784903266705138,0.07718506515289568,0.6050050732078551,0.0,0.0
28000,Banque de Nouvelle-Écosse,2004,10184626.0,2931310.0,284470456.75,15136558.416666666,0.2878171471392273,0.035802051701103406,18.793602146494102,0.19365762806242487,0.010304444382342702,0.5755270738464034,0.03829301144686118,0.0778136575658252,0.5758738710680196,2.7755575615628914e-17,0.0
28000,Banque de Nouvelle-Écosse,2005,10399819.0,3209004.0,311389678.0833333,17024404.916666668,0.3085634471138392,0.03339808520312233,18.290781945540246,0.18849434184089614,0.010305428297277132,0.5810893439587747,0.022115769514834824,0.0814088206727444,0.5645702103084679,2.7755575615628914e-17,0.0
28000,Banque de Nouvelle-Écosse,2006,11207403.0,3579571.0,352165327.1666667,18844983.666666668,0.31939344021090343,0.031824265864469826,18.687483809794053,0.18994821451247035,0.01016446175663944,0.5748124699361663,0.01924031820752765,0.07783667634687537,0.5716914971291743,-2.7755575615628914e-17,0.0
28000,Banque de Nouvelle-Écosse,2007,12489955.0,4044755.0,405862863.3333333,19364847.166666668,0.3238406383369676,0.030773830592482804,20.958743430310054,0.20887100038477796,0.009965816943143333,0.559951657151687,0.02162914117785052,0.08508221206561593,0.5682849137566949,0.0,0.0
28000,Banque de Nouvelle-Écosse,2008,11876443.0,3140104.0,458636163.8333333,20473884.416666668,0.2643976820332485,0.02589512981430713,22.401033164961248,0.15337118917423473,0.006846612298852871,0.614328970382799,0.053071193117333194,0.058221725141104956,0.63775256615133,-2.7755575615628914e-17,0.0
28000,Banque de Nouvelle-Écosse,2009,14457180.0,3546975.0,510694848.0,23022505.166666668,0.2453434902242346,0.028308842465549995,22.182418650921356,0.15406555343662245,0.006945390214706063,0.5477689286569026,0.12066564848746436,0.07836777296817221,0.5760235398604707,0.0,0.0
28000,Banque de Nouvelle-Écosse,2010,15505400.0,4238787.0,519156274.5833333,25784475.0,0.273374888748436,0.029866536838920786,20.134452013598622,0.16439299229478205,0.008164761185641037,0.5277047996181975,0.07990861248339289,0.11254208211332827,0.5560056496446399,-2.7755575615628914e-17,0.0
28000,Banque de Nouvelle-Écosse,2011,17287765.0,5174819.0,571169915.25,30348595.25,0.29933418229597636,0.030267289187374615,18.82030817390139,0.170512636824599,0.009060034259218627,0.5532070224230836,0.060494459520938654,0.08160100510389863,0.5362170297895651,-2.7755575615628914e-17,0.0
28000,Banque de Nouvelle-Écosse,2012,19701325.0,6243103.0,664579793.6666666,34905255.583333336,0.31688746822865976,0.029644784851646566,19.039533805447686,0.17885853851134598,0.009394060817821605,0.5280396623069769,0.06353303648358677,0.08020115398329808,0.5077165114529099,0.0,0.0
28000,Banque de Nouvelle-Écosse,2013,21343386.0,6421902.0,750893122.5,42108080.166666664,0.30088487365594196,0.028423999848260696,17.832518593294058,0.15250996897938998,0.008552351603140433,0.54289623961259,0.06071417159395421,0.08260915114405934,0.5325394480519633,2.7755575615628914e-17,0.0
28000,Banque de Nouvelle-Écosse,2014,23604027.0,7070840.0,791525491.6666666,46324973.583333336,0.299560748680723,0.02982093090937406,17.086366822051236,0.15263559702371696,0.008933180389568208,0.533843737765594,0.07214921419976346,0.08481082486475719,0.5213017253369521,0.0,8.0
28000,Banque de Nouvelle-Écosse,2015,24049171.0,7014275.0,855684404.25,50084895.75,0.2916638997660252,0.028105187941433723,17.084679750980612,0.14004771089096257,0.008197268718655625,0.5422508742609049,0.08074877092436991,0.07705384106587292,0.5443675376585746,-2.7755575615628914e-17,0.0
28000,Banque de Nouvelle-Écosse,2016,26350104.0,7116172.0,906707457.6666666,53730593.916666664,0.27006238760955176,0.029061307235532966,16.87506858891086,0.1324417148828991,0.007848366019082774,0.5517994919488742,0.09155136541396573,0.07704330123327027,0.5423843867940711,0.0,0.0
28000,Banque de Nouvelle-Écosse,2017,27155107.0,8004919.0,911568675.5,57083045.833333336,0.2947850288345393,0.02978942533880433,15.969166714781263,0.14023286394654103,0.00878147660746379,0.5387747137214374,0.08282033283831289,0.074852402533343,0.5536786874012317,0.0,0.0
28000,Banque de Nouvelle-Écosse,2018,28774620.0,8548214.0,951274486.0833334,62347226.833333336,0.2970747832638624,0.030248493385408942,15.257687220416093,0.13710656326144374,0.008986064616528736,0.5233058855338489,0.09071966893046719,0.0827970968860753,0.5626667528537301,0.0,-3.0
28000,Banque de Nouvelle-Écosse,2019,31033643.0,8390012.0,1063094189.6666666,66811374.583333336,0.2703521465398052,0.029191809438569694,15.911874232443415,0.12557759890922765,0.007892068343098262,0.5393152843834673,0.09754288273535917,0.07963654154299578,0.5535051105666196,0.0,0.0
28000,Banque de Nouvelle-Écosse,2020,31335561.0,6778306.0,1169240347.0,67928149.58333333,0.2163135359216961,0.02679993132327309,17.212898543123007,0.09978640727853873,0.005797187906995824,0.5379290959558695,0.19414788840065764,0.049236297381112785,0.5527114386112315,-1.3877787807814457e-17,0.0
28000,Banque de Nouvelle-Écosse,2021,31252350.0,9623637.0,1160720147.5833333,68974981.33333333,0.3079332274212979,0.02692496556131008,16.828132826509307,0.1395235897707915,0.008291091543501512,0.5317502523810209,0.05786851228787595,0.0918524526955573,0.542716371728846,2.7755575615628914e-17,0.0
28000,Banque de Nouvelle-Écosse,2022,31416141.0,9916026.0,1289936661.5833333,71579447.91666667,0.31563475603193913,0.02435479348376551,18.02104792824174,0.13853174743041202,0.0076872192994565875,0.5443772040620776,0.04399553719853753,0.08778716647598443,0.576617319103578,2.7755575615628914e-17,0.0
28000,Banque de Nouvelle-Écosse,2023,32306932.0,7410158.0,1392174715.8333333,75465901.0,0.22936743111354554,0.023206090178603474,18.447731987369146,0.09819213580978779,0.005322721290455559,0.5921667832773474,0.1059278237871674,0.06890143576616932,0.5660314325111403,-1.3877787807814457e-17,0.0
28000,Banque de Nouvelle-Écosse,2024,33670170.0,7758517.0,1408957634.3333333,79593376.75,0.23042702190098832,0.023897219603718944,17.701945712880352,0.09747691726120918,0.005506565144998873,0.5849301919176529,0.12032950828582095,0.060346264957973184,0.5717809265590283,0.0,0.0
28000,Banque de Nouvelle-Écosse,2025,37740912.0,7789599.0,1450469763.3333333,84216818.66666667,0.2063966816700137,0.02601978541990933,17.223041505216994,0.09249457677606567,0.00537039736843509,0.5966465251290165,0.1249080838322084,0.07287592838244078,0.5702677508164085,0.0,0.0
27998,Banque de Montréal,1997,7059412.0,1305035.0,197372590.58333334,8368025.583333333,0.18486454679228242,0.03576693186797597,23.586518542252307,0.1559549486319986,0.006612037649923822,0.6536375834134628,0.03895522743253971,0.11901841116512253,0.5776559010863794,-2.7755575615628914e-17,0.0
27998,Banque de Montréal,1998,7142571.0,1350315.0,225079208.5,9892941.916666666,0.1890516734100368,0.03173358857799609,22.751493983888498,0.13649276538509952,0.005999288023975791,0.6766905082217594,0.018200729121208594,0.1125110271917493,0.5634599922072878,0.0,0.0
27998,Banque de Montréal,1999,7790148.0,1382135.0,226940997.33333334,10822714.666666666,0.17742089110502138,0.034326754934269316,20.968953199172706,0.12770686861558825,0.006090283449181751,0.6851261362428545,0.041077525099651506,0.09366818191387379,0.5493138256166635,2.7755575615628914e-17,0.0
27998,Banque de Montréal,2000,8530321.0,1856987.0,235634442.25,11456080.166666666,0.2176925112196833,0.0362015031357327,20.568505005369712,0.16209619459570532,0.00788079612754489,0.6227045852084582,0.04197989735673487,0.11541019382506239,0.4928017363004276,0.0,0.0
27998,Banque de Montréal,2001,8721201.0,1471181.0,239027895.16666666,11593692.083333334,0.16869018384050546,0.03648612223238204,20.617064300878265,0.12689495196400083,0.00615485066700768,0.6573778084004714,0.11236904183265585,0.056750096689664645,0.5158900706450866,0.0,0.0
27998,Banque de Montréal,2002,8753315.0,1416821.0,242905467.41666666,11463525.666666666,0.16186107777453457,0.03603589121765236,21.189420644207278,0.12359382629724416,0.005832808191055096,0.6888859820536563,0.09367902331859415,0.04848551662998533,0.551721376415678,0.0,0.0
27998,Banque de Montréal,2003,9119474.0,1824604.0,258975015.16666666,12160545.333333334,0.20007776764317767,0.03521372127010417,21.29633236568667,0.15004294215314246,0.007045482742131525,0.6674945287414603,0.04989344780192367,0.07550501267945936,0.5371759379981784,2.7755575615628914e-17,0.0
27998,Banque de Montréal,2004,9472796.0,2350968.0,266372269.33333334,13156526.5,0.24818100168102428,0.03556224536325858,20.246397811256134,0.17869214948185602,0.008825873676279876,0.6499575204617517,-0.01087039138180533,0.10642465012441944,0.5195555778885136,-2.7755575615628914e-17,0.0
27998,Banque de Montréal,2005,9838811.0,2400032.0,297342001.1666667,13681262.0,0.2439351665562028,0.033089206911219825,21.73352145194403,0.17542475248262915,0.008071621199101063,0.6430820756695093,0.018191120857997983,0.08893615295588055,0.48657078583987434,2.7755575615628914e-17,0.0
27998,Banque de Montréal,2006,9984724.0,2663267.0,312698986.8333333,15160683.916666666,0.2667341631075631,0.0319307846217033,20.625651755035435,0.1756693177325713,0.008517031113437875,0.6362553436629795,0.01764715779825261,0.07179727752114129,0.4750997623970377,0.0,0.0
27998,Banque de Montréal,2007,9348834.0,2131390.0,360764299.0,15482245.75,0.22798458075092573,0.025913966614529115,23.30180678084121,0.1376667206047934,0.0059079848142069066,0.7060430209799425,0.03776246321198986,0.02021567609393856,0.5179894091605435,0.0,0.0
27998,Banque de Montréal,2008,10204668.0,1978389.0,388475255.8333333,16318752.166666666,0.19387098139792494,0.026268514781229945,23.805451045873983,0.12123408578023118,0.005092702740502947,0.6755126183428996,0.1303326085669813,-0.006914286677430368,0.4984901027647347,1.3877787807814457e-17,0.0
27998,Banque de Montréal,2009,11064336.0,1787369.0,431592074.0,19561134.083333332,0.16154326838953553,0.025636096366310934,22.06375520771719,0.09137348542193632,0.004141338795762964,0.6671198343940387,0.1448741252977133,0.019651879697073552,0.5034775697339633,0.0,0.0
27998,Banque de Montréal,2010,12210678.0,2810109.0,399437123.8333333,20882759.166666668,0.2301353782320687,0.03056971240633846,19.127602853885325,0.13456598228099725,0.007035172327078263,0.621555330506627,0.0859404367226783,0.05629982217203664,0.5106317601692552,0.0,0.0
27998,Banque de Montréal,2011,13718503.0,3266069.0,442248189.75,23893653.5,0.23807765322499108,0.031019918945863815,18.50902331658907,0.13669190440047185,0.007385149505860697,0.6272486145171963,0.06248779476886071,0.06686123114161946,0.5160229946372429,0.0,0.0
27998,Banque de Montréal,2012,16130392.0,4115091.0,540631820.4166666,27630156.166666668,0.2551141348579749,0.029836186829639913,19.56673053729935,0.14893477167401942,0.007611632990504493,0.6347169988181316,0.04744491020429014,0.058166410338942785,0.5460412245406063,0.0,0.0
27998,Banque de Montréal,2013,16263068.0,4183934.0,553909031.0833334,29310887.0,0.25726597220155506,0.02936053952431999,18.897723261780968,0.14274334311343084,0.007553467745086366,0.6331047130836568,0.03622674393294058,0.06941045810052568,0.5254396648897982,0.0,0.0
27998,Banque de Montréal,2014,16716980.0,4276635.0,585551503.5,32062156.583333332,0.2558258130356081,0.028549119761588998,18.263010536364966,0.13338575616036683,0.007303601774459452,0.6532586029294765,0.0335353036254156,0.05401495963983925,0.4984949434646689,0.0,0.0
27998,Banque de Montréal,2015,18135471.0,4369833.0,654968684.0,36755204.0,0.24095503226797915,0.027689065817992606,17.819753741538204,0.11889018491095846,0.006671819747644607,0.6716998417079987,0.033780264102321905,0.05160224402222584,0.48319853396694246,0.0,0.0
27998,Banque de Montréal,2016,19544419.0,4621640.0,698346760.4166666,40434868.75,0.23646852843259245,0.027986696735499823,17.270904593122157,0.11429838015734872,0.006617972992732882,0.6650231966475955,0.041705767769305395,0.05631203465296154,0.5051115615153359,0.0,0.0
27998,Banque de Montréal,2017,20722517.0,5348091.0,716787185.4166666,43394397.5,0.2580811491190959,0.0289102782828826,16.517966067317023,0.12324381275255636,0.007461197840599184,0.6418973621785423,0.03739676024876708,0.062550075360054,0.48293424008290115,1.3877787807814457e-17,0.0
27998,Banque de Montréal,2018,21685022.0,5449472.0,756520614.9166666,44017998.416666664,0.25130119766537473,0.0286641521360111,17.186620067445478,0.12380099495702308,0.007203335761842099,0.6277588281902596,0.030537852348040042,0.09040212179632559,0.47556663765432194,0.0,0.0
27998,Banque de Montréal,2019,22774469.0,5758199.0,836156540.5,48727499.666666664,0.25283570826612906,0.027237087670666855,17.159849083576002,0.1181714440385918,0.006886508352319705,0.6423994781173603,0.038299992856035414,0.06646482076047525,0.5658958283505974,0.0,0.0
27998,Banque de Montréal,2020,23478449.0,5096835.0,943668357.4166666,53915753.916666664,0.21708567716717575,0.024879979089553538,17.50264605174993,0.09453331595581092,0.005401087108560902,0.6038499817428314,0.125791316112917,0.053273024977075784,0.5950664373102329,1.3877787807814457e-17,0.0
27998,Banque de Montréal,2021,25786932.0,7753873.0,979758056.1666666,56407761.0,0.30069001616787916,0.026319693762858313,17.369206626844605,0.1374611022054217,0.007914069143087494,0.6014157868799592,0.0007729884268512439,0.09712120852531042,0.5549425189471938,0.0,0.0
27998,Banque de Montréal,2022,34393075.0,13536407.0,1067421567.0833334,63936922.166666664,0.39357943423203656,0.03222070460312794,16.69491634740952,0.2117150238279247,0.01268140668825667,0.470868277989101,0.009112793781887778,0.12643949399697468,0.46187966618279985,0.0,0.0
27998,Banque de Montréal,2023,29259498.0,4365350.0,1239826690.6666667,75060549.75,0.14919428897925727,0.023599667776362264,16.517687317720007,0.058157714199262175,0.003520935654041057,0.7251617577307717,0.0744399305825411,0.05078450081406045,0.6384416096270688,-6.938893903907228e-18,0.0
27998,Banque de Montréal,2024,32795044.0,7317604.0,1373031194.6666667,79848971.5,0.22313139753677416,0.02388514123159577,17.19535228661858,0.09164305892155418,0.005329524943369191,0.5945637090775058,0.11468107803118056,0.06733416793098372,0.5936458569776579,0.0,0.0
27998,Banque de Montréal,2025,36274603.0,8709718.0,1457372559.5,86283566.91666667,0.24010512258397423,0.02489041169571987,16.890499681214404,0.10094295253709101,0.005976315351366405,0.5818517159236726,0.09972511621974195,0.07786778534833311,0.5923401284364159,0.0,0.0
27996,Banque Canadienne Impériale de Commerce,1997,8496728.0,1551406.0,235892849.75,9723983.666666666,0.18258863882661655,0.03601943852475757,24.258869393068707,0.15954428279411276,0.006576740251534478,0.6321744087841814,0.0717923417108327,0.1103012830350695,0.5316307642188852,0.0,0.0
27996,Banque Canadienne Impériale de Commerce,1998,9141281.0,1056266.0,278431786.25,11014251.833333334,0.11554901331662379,0.03283131255636227,25.27922826381716,0.09589993183225896,0.0037936257717773414,0.779403018023404,0.05250905206830421,0.05029929612709641,0.47448853174954364,0.0,0.0
27996,Banque Canadienne Impériale de Commerce,1999,10136672.0,1028832.0,270336485.6666667,11212071.833333334,0.10149603341214947,0.03749649987127092,24.111198151884835,0.09176109601271878,0.0038057460037731715,0.7890637084834154,0.07398878053862254,0.03161244637293187,0.4348372917659761,0.0,0.0
27996,Banque Canadienne Impériale de Commerce,2000,12078978.0,2059835.0,263540305.5,11528196.666666666,0.17053056972204106,0.045833512931098885,22.860497016156618,0.17867798924318606,0.007816015072502827,0.6702227622237577,0.10100192251364312,0.05306210508869211,0.35452279158054595,2.7755575615628914e-17,0.0
27996,Banque Canadienne Impériale de Commerce,2001,11161877.0,1685481.0,280314650.9166667,11912852.666666666,0.151003366190113,0.03981909958505257,23.53043882604329,0.14148424790949876,0.006012818076002271,0.7369779294288944,0.09854973316763838,0.008265814074102412,0.40757195228006904,0.0,0.0
27996,Banque Canadienne Impériale de Commerce,2002,11041586.0,653285.0,293191734.3333333,12460287.0,0.059165866207988596,0.03765994981102259,23.530094799047028,0.05242937020632029,0.0022281835519185277,0.8268246065375029,0.1358500490780944,-0.025263490226856904,0.49900811350833113,-6.938893903907228e-18,0.0
27996,Banque Canadienne Impériale de Commerce,2003,11575918.0,2063351.0,285700364.25,13003043.5,0.17824512924158586,0.04051768722937496,21.97180715807034,0.1586821577579126,0.007222080396770093,0.7021513110234541,0.09871545392771441,0.020614693366003457,0.4897902697652143,0.0,0.0
27996,Banque Canadienne Impériale de Commerce,2004,11883314.0,2199468.0,282726631.5833333,13952525.75,0.18508877237444032,0.042031109462347935,20.2634731982726,0.15763941521484023,0.007779486451921703,0.6943723779410357,0.05282129210757201,0.06645469437229379,0.45154121148359794,-2.7755575615628914e-17,0.0
27996,Banque Canadienne Impériale de Commerce,2005,12473060.0,-32106.0,289840707.0833333,12137671.416666666,-0.0025740275441631807,0.04303418979865316,23.879432646804293,-0.0026451531680050356,-0.00011077118988247938,0.8690885797069845,0.05660391275276476,0.0632378903011771,0.3957955786310657,-4.336808689942018e-19,0.0
27996,Banque Canadienne Impériale de Commerce,2006,11331666.0,2646029.0,293245840.5833333,11753545.166666666,0.23350750013281366,0.03864220538459715,24.949565124825956,0.22512603325030828,0.009023244778976031,0.6591203800041406,0.048355202138855836,0.0564232126149853,0.3913901098038011,2.7755575615628914e-17,0.0
27996,Banque Canadienne Impériale de Commerce,2007,12065568.0,3295609.0,332045048.5,13466293.833333334,0.27314163742643527,0.03633714176587097,24.657493190745885,0.24473021610759196,0.009925186401326506,0.6309206495707455,0.04996134454673,0.04343608191508266,0.37776928529183207,0.0,0.0
27996,Banque Canadienne Impériale de Commerce,2008,3713934.0,-2060187.0,344293770.0,13754270.25,-0.5547182583212302,0.010787107765557302,25.031772950658723,-0.14978526396193212,-0.005983805632033365,1.9388004741064326,0.20815555688388646,-0.5971729707636162,1.402052109703619,2.7755575615628914e-17,-1.0
27996,Banque Canadienne Impériale de Commerce,2009,9927553.0,1173562.0,349553759.25,13897467.833333334,0.11821261493139347,0.028400647217470886,25.152334471434344,0.08444430410446353,0.003357314773321237,0.6708716639437735,0.16606196914788568,0.04270669720927201,0.5432868502439624,1.3877787807814457e-17,1.0
27996,Banque Canadienne Impériale de Commerce,2010,12085487.0,2452164.0,346203513.3333333,14938930.583333334,0.20290154629267318,0.03490862031883482,23.17458478049134,0.16414588623470577,0.007083013041635415,0.581402636070851,0.08658153370236549,0.1268777997940836,0.5133574675145487,-2.7755575615628914e-17,0.0
27996,Banque Canadienne Impériale de Commerce,2011,12249267.0,3078663.0,366869104.1666667,16423838.416666666,0.2513344676052861,0.033388657864291627,22.33759824343945,0.187450882180856,0.008391720548376785,0.6001307670083442,0.068612350436969,0.07906652700116668,0.5184200001518459,2.7755575615628914e-17,-1.0
27996,Banque Canadienne Impériale de Commerce,2012,12549436.0,3330637.0,397242853.0,16499140.666666666,0.26540132958963253,0.031591344954921066,24.076578351898814,0.20186730129096422,0.008384384954560781,0.5749331683113089,0.10286908511266961,0.05609694332079944,0.5971586292802322,0.0,0.0
27996,Banque Canadienne Impériale de Commerce,2013,12782788.0,3403293.0,403415495.25,17333451.166666668,0.26624027559558994,0.031686408059458396,23.273812662638917,0.19634249217171185,0.008436198014384525,0.5956326585405313,0.08767336202399664,0.05067462591102974,0.5832353630522543,2.7755575615628914e-17,0.0
27996,Banque Canadienne Impériale de Commerce,2014,13376253.0,3217577.0,410037206.4166667,18405992.833333332,0.24054396997425212,0.03262204695250869,22.27737509894536,0.1748113795944196,0.007847036682642895,0.6373222007687803,0.07004779290583095,0.05229027889947955,0.5576601309798791,-2.7755575615628914e-17,0.0
27996,Banque Canadienne Impériale de Commerce,2015,13856319.0,3576188.0,453634011.25,19903222.833333332,0.2580907671077723,0.030545150179146757,22.791987762417406,0.17967884045445673,0.007883421241158095,0.6394371405565937,0.055684197224385494,0.04577305126996571,0.5712166413027876,2.7755575615628914e-17,0.0
27996,Banque Canadienne Impériale de Commerce,2016,15034654.0,4275031.0,503370596.6666667,21990719.583333332,0.2843451535366228,0.029867962291718814,22.89013757640605,0.19440159671900992,0.008492810323664845,0.5966846327158577,0.06991793758605952,0.047730263696124965,0.5564467928560245,2.7755575615628914e-17,-1.0
27996,Banque Canadienne Impériale de Commerce,2017,16279894.0,4698628.0,546686066.6666666,26904191.25,0.28861539270464537,0.02977923710268331,20.319736117942835,0.1746429750048703,0.00859474621083569,0.587903275045894,0.05092207602825915,0.07134180357685375,0.5513994132885632,-2.7755575615628914e-17,0.0
27996,Banque Canadienne Impériale de Commerce,2018,17834346.0,5267323.0,602960214.0,33104558.75,0.2953471352411801,0.02957798140890271,18.21381213848682,0.15911171146481448,0.0087357720753363,0.5751710211296787,0.0488038081127281,0.0797452286728092,0.5643692793669025,0.0,0.0
27996,Banque Canadienne Impériale de Commerce,2019,18611310.0,5096233.0,641548138.0,36750497.0,0.2738245185320109,0.029009997687811855,17.45685610727931,0.13867113144075302,0.00794364864947983,0.5833255692372004,0.06911388827546261,0.07242375738193604,0.5669109804737013,0.0,0.0
27996,Banque Canadienne Impériale de Commerce,2020,18740958.0,3789731.0,739900368.25,39664776.666666664,0.20221650355334023,0.02532902915608192,18.653839260660572,0.09554398936487142,0.005121947714343498,0.6062726355824499,0.13279219770942338,0.05861973544788906,0.5892779867496635,1.3877787807814457e-17,0.0
27996,Banque Canadienne Impériale de Commerce,2021,20014988.0,6428846.0,810405442.0,42841093.833333336,0.3212015915273094,0.02469749950173706,18.916544128232516,0.15006260169290805,0.007932876146702874,0.5763077149983802,0.007912770170034576,0.09371172243520706,0.5725362913032973,2.7755575615628914e-17,0.0
27996,Banque Canadienne Impériale de Commerce,2022,21832674.0,6219712.0,901107479.9166666,47798469.333333336,0.2848809083120098,0.024228712430640415,18.85222461063746,0.13012366476895829,0.0069022976044713245,0.5864205181646555,0.04842269893280136,0.07922222445129717,0.5789706748701511,0.0,-1.0
27996,Banque Canadienne Impériale de Commerce,2023,23323487.0,4995203.0,948106476.0833334,50837777.0,0.21417050546515623,0.024600071393194443,18.649644654669565,0.09825769919089893,0.005268609724759383,0.6152128967679661,0.08619230049091715,0.0828146323060527,0.5498609620422538,1.3877787807814457e-17,1.0
27996,Banque Canadienne Impériale de Commerce,2024,25605663.0,7114915.0,1009546373.8333334,55587757.0,0.277864900432377,0.025363533230051753,18.161307962710808,0.12799428118677283,0.007047635635581616,0.5638813960802342,0.07813732454418384,0.07857297036206405,0.5348296585798228,0.0,0.0
27996,Banque Canadienne Impériale de Commerce,2025,29133168.0,8428622.0,1103886892.1666667,61673305.666666664,0.28931360983467364,0.026391443006283495,17.898941531251474,0.13666564340746085,0.00763540364489393,0.5441259254743597,0.08038017012087391,0.08530095319534078,0.5412768360790697,0.0,-1.0
28002,Banque Nationale du Canada,1997,2374870.0,341591.0,59272830.5,2630749.3333333335,0.14383566258363617,0.040066755374538764,22.53077849302252,0.12984551423117976,0.005763028306873248,0.6268785238770964,0.1221119471802667,0.10042654966377107,0.5555188283990281,2.7755575615628914e-17,0.0
28002,Banque Nationale du Canada,1998,2450088.0,315771.0,69778867.41666667,2871784.1666666665,0.12888149323616133,0.03511217780836031,24.298089050912314,0.10995638309633878,0.004525309906715083,0.6747863750199993,0.07893594026010495,0.10464685350077221,0.5337049118235753,1.3877787807814457e-17,0.0
28002,Banque Nationale du Canada,1999,2545506.0,416984.0,72792762.5,2916728.0,0.16381183151797718,0.03496921826534609,24.956993761502616,0.14296293655081996,0.005728371690798244,0.6574268534428911,0.07267710231286038,0.09358335827925764,0.5037399244000996,0.0,0.0
28002,Banque Nationale du Canada,2000,3200033.0,509060.0,75668477.25,3514271.5,0.1590796094915271,0.04229017308525262,21.531767608165733,0.1448550574422039,0.006727504219731077,0.6893178914092448,0.06252341772725468,0.08091072810811638,0.4038902098822106,0.0,0.0
28002,Banque Nationale du Canada,2001,3256527.0,562716.0,75027625.16666667,3925527.0833333335,0.17279635636369667,0.04340437262629515,19.112751886291278,0.14334788375021826,0.007500117440075977,0.6415248514752065,0.09979957175236072,0.07745920730889073,0.4423015685114848,0.0,0.0
28002,Banque Nationale du Canada,2002,3204342.0,429422.0,74646684.75,3941095.0833333335,0.13401253673921198,0.042926782491837324,18.940594725987854,0.10896007097519701,0.005752727015783511,0.6474502409543051,0.1370362464431075,0.07229783837056095,0.459449709175862,1.3877787807814457e-17,0.0
28002,Banque Nationale du Canada,2003,3368196.0,623722.0,77832061.91666667,4025777.0,0.18517984107813204,0.04327517371448111,19.33342604835456,0.154932078950225,0.008013689791076169,0.6719893972916066,0.05239689139230615,0.08237614438114646,0.39455898647228366,0.0,0.0
28002,Banque Nationale du Canada,2004,3548555.0,724691.0,83111568.83333333,4127611.25,0.20422143661293118,0.042696282236183596,20.135512721391418,0.17557152457126382,0.008719496096304588,0.674174417474155,0.024089805568745588,0.08957448877078135,0.3897070779514478,2.7755575615628914e-17,0.0
28002,Banque Nationale du Canada,2005,3703484.0,855287.0,101968814.41666667,4513779.666666667,0.23094118943135708,0.03631977111028046,22.59056089283342,0.1894835510727558,0.00838773114008281,0.6749649789225497,0.008822233334881425,0.0786283942363461,0.38817259639841833,-2.7755575615628914e-17,0.0
28002,Banque Nationale du Canada,2006,3845032.0,871163.0,109868874.91666667,4705076.0,0.22656846549001414,0.034996553873118105,23.351137137140118,0.18515386361453035,0.007929115508470981,0.6730578575158802,0.020108025108763725,0.07192241833097877,0.33609733287005156,0.0,0.0
28002,Banque Nationale du Canada,2007,3423206.0,540813.0,129166167.66666667,4933789.0,0.15798435735389574,0.02650234238453303,26.179913179640774,0.10961413226224308,0.0041869555299933634,0.7689274323543486,0.030130234639691562,0.02308888217653276,0.3290535246783279,0.0,0.0
28002,Banque Nationale du Canada,2008,3636794.0,776180.0,128706597.16666667,5113855.333333333,0.2134242412410491,0.028256469210281337,25.168212391094887,0.1517798117871409,0.0060306155013553605,0.7410372982357538,0.03953729576104668,0.04582800125605135,0.5123597872191826,0.0,0.0
28002,Banque Nationale du Canada,2009,4131762.0,853909.0,139252644.5,6082594.583333333,0.2066694548233901,0.02967097691275802,22.893625835520986,0.14038565094240554,0.006132084622637095,0.6442474179296871,0.07380822031859531,0.061287896059840814,0.4759356903906856,0.0,0.0
28002,Banque Nationale du Canada,2010,4278180.0,1033759.0,145587041.5,6767271.0,0.24163522806427032,0.029385719744844187,21.513404960433828,0.15275862308454916,0.0071006250923781565,0.6571378483373771,0.033552351700956946,0.05168529608384874,0.4470536536564614,-2.7755575615628914e-17,0.0
28002,Banque Nationale du Canada,2011,4592215.0,1212741.0,157557302.75,7258703.666666667,0.26408628515868704,0.029146316418519676,21.705983600561183,0.16707404733563305,0.0076971424290265085,0.6364386249337194,0.02596590098677871,0.061693757805329236,0.424841171417279,2.7755575615628914e-17,5.0
28002,Banque Nationale du Canada,2012,5313227.0,1561043.0,181181801.0,7033257.0,0.2938031821339461,0.029325390136727917,25.76072522303678,0.22195165056530708,0.008615892939490099,0.5971828419903761,0.033846850510998304,0.06136440246200661,0.4399955055562279,0.0,0.0
28002,Banque Nationale du Canada,2013,5162642.0,1479105.0,192007800.41666666,7736108.083333333,0.2865015625720319,0.02688766804680229,24.8196894805966,0.19119497608708222,0.00770335890932695,0.6130479316597974,0.034995647577345086,0.050898551555579485,0.47440845210649896,-2.7755575615628914e-17,0.0
28002,Banque Nationale du Canada,2014,5462970.0,1468783.0,204831743.5,8702140.5,0.2688616265511251,0.026670524336966355,23.538087382064216,0.16878410547381992,0.007170680554208142,0.6265214709214951,0.03801412052418373,0.054016404995817294,0.4655736714644232,-2.7755575615628914e-17,0.0
28002,Banque Nationale du Canada,2015,5745724.0,1548978.0,214792003.66666666,9910025.916666666,0.26958795793184637,0.026750176458695017,21.674212103263,0.15630413210069727,0.007211525445816139,0.63795250172128,0.03965070372332538,0.040687996847742776,0.460040544933937,0.0,0.0
28002,Banque Nationale du Canada,2016,6003593.0,1180577.0,224706370.08333334,10839934.916666666,0.19664507570716402,0.026717502480119015,20.729494393720184,0.10890997123837283,0.005253865297909346,0.672696999946532,0.08057574855590643,0.03752036488815948,0.4922417292444708,-1.3877787807814457e-17,0.0
28002,Banque Nationale du Canada,2017,6608576.0,1940284.0,241510234.91666666,12035736.083333334,0.2936009209850957,0.02736354425012379,20.066095936674913,0.16121024809499082,0.008033961793252766,0.5836429814834543,0.03696182051927677,0.07313103458294193,0.48896903054455304,-2.7755575615628914e-17,0.0
28002,Banque Nationale du Canada,2018,7166705.0,2145119.0,262538920.83333334,13311256.666666666,0.2993173292328902,0.027297685909776454,19.72307554483336,0.16115075035490015,0.008170670440752585,0.5668868747911349,0.045655011612728585,0.07599084935127091,0.47191701067645453,0.0,-1.0
28002,Banque Nationale du Canada,2019,7431922.0,2256427.0,278741875.9166667,14328980.25,0.30361284738994837,0.02666238065435803,19.45301557078123,0.1574729646235642,0.008095041308664317,0.5787217626880369,0.046649574632241834,0.06211461853340226,0.4833351318810935,0.0,0.0
28002,Banque Nationale du Canada,2020,7927184.0,2040374.0,315706206.8333333,15367019.166666666,0.25738950931377397,0.025109370130897982,20.54440118862783,0.1327761733014476,0.006462888457169764,0.5733424378694881,0.10679643616194603,0.05720000948634471,0.536292963554271,0.0,0.0
28002,Banque Nationale du Canada,2021,8926873.0,3176645.0,359408573.5,17566606.416666668,0.35585193157783246,0.024837674051757144,20.45976126379219,0.18083430143832988,0.008838534287218388,0.5436317958147271,0.0002559686913883507,0.10029032562690206,0.535827271206838,0.0,0.0
28002,Banque Nationale du Canada,2022,9651975.0,3384150.0,388789920.0,20210456.083333332,0.35061736069560895,0.024825682209044925,19.23706809964659,0.16744550375539316,0.008704315173603266,0.5418577026981525,0.015026872738480985,0.09265077872663367,0.5461355836499784,0.0,0.0
28002,Banque Nationale du Canada,2023,10171382.0,3337057.0,429186000.75,22473182.25,0.32808294880676,0.023699239915154664,19.0976959104223,0.1484906304268502,0.007775316515842811,0.5703634963272444,0.03904071246168908,0.06271979559906411,0.3526516848939505,0.0,0.0
28002,Banque Nationale du Canada,2024,11399245.0,3817370.0,455690907.4166667,24412054.166666668,0.3348791959467491,0.025015300534792013,18.666635110079667,0.15637233859706945,0.008377103729457432,0.5310651714214406,0.04993743006664038,0.0842486498009298,0.25779628387669534,-2.7755575615628914e-17,0.0
28002,Banque Nationale du Canada,2025,13979725.0,4017599.0,545010693.6666666,31250620.833333332,0.287387555906858,0.025650368263324615,17.43999572275164,0.12856061392913662,0.007371596643307698,0.5436589060228295,0.08909002144176656,0.07988018362306841,0.32315964727489277,0.0,0.0
